{
  "name": "AURA-MF Development",
  "dockerComposeFile": "../docker-compose.yml",
  "service": "aura-dev",
  "workspaceFolder": "/workspace",
  
  "customizations": {
    "vscode": {
      "extensions": [
        "ms-vscode.cpptools",
        "fortran-lang.linter-gfortran",
        "ekibun.fortranbreaker",
        "ms-python.python",
        "ms-python.vscode-pylance",
        "ms-toolsai.jupyter",
        "github.copilot",
        "github.copilot-chat",
        "eamodio.gitlens",
        "ms-azuretools.vscode-docker",
        "hediet.vscode-drawio",
        "yzhang.markdown-all-in-one"
      ],
      "settings": {
        "terminal.integrated.defaultProfile.linux": "bash",
        "files.associations": {
          "*.f90": "fortran",
          "*.F90": "fortran"
        },
        "editor.formatOnSave": true,
        "python.linting.enabled": true,
        "python.linting.pylintEnabled": true,
        "python.formatting.provider": "black",
        "github.copilot.enable": {
          "*": true,
          "fortran": true,
          "python": true,
          "markdown": true
        }
      }
    }
  },
  
  "forwardPorts": [8888, 8080],
  "portsAttributes": {
    "8888": {
      "label": "Jupyter",
      "onAutoForward": "notify"
    },
    "8080": {
      "label": "Documentation",
      "onAutoForward": "silent"
    }
  },
  
  "postCreateCommand": "pip install -r python/requirements.txt || echo 'Python dependencies installed'",
  
  "remoteUser": "root"
}
